,"(a,b)",input_a,input_b,operand,const,output,MR2_input_a,MR2_input_b,MR2_inputs,MR2_output,MR2_checker
0,"(9,2)",9,2,sum,6,11.0,54.0,12.0,"(54,12)",66.0,No-violated
1,"(8,1)",8,1,sum,6,9.0,48.0,6.0,"(48,6)",54.0,No-violated
2,"(4,8)",4,8,sum,6,12.0,24.0,48.0,"(24,48)",72.0,No-violated
3,"(7,2)",7,2,sum,6,9.0,42.0,12.0,"(42,12)",54.0,No-violated
4,"(0,6)",0,6,sum,6,6.0,0.0,36.0,"(0,36)",36.0,No-violated
5,"(2,5)",2,5,sum,6,7.0,12.0,30.0,"(12,30)",42.0,No-violated
6,"(5,0)",5,0,sum,6,5.0,30.0,0.0,"(30,0)",30.0,No-violated
7,"(4,9)",4,9,sum,6,13.0,24.0,54.0,"(24,54)",78.0,No-violated
8,"(2,1)",2,1,sum,6,3.0,12.0,6.0,"(12,6)",18.0,No-violated
9,"(7,6)",7,6,sum,6,13.0,42.0,36.0,"(42,36)",78.0,No-violated
10,"(4,3)",4,3,sum,6,7.0,24.0,18.0,"(24,18)",42.0,No-violated
11,"(9,8)",9,8,sum,6,17.0,54.0,48.0,"(54,48)",102.0,No-violated
12,"(5,0)",5,0,sum,6,5.0,30.0,0.0,"(30,0)",30.0,No-violated
13,"(8,5)",8,5,sum,6,13.0,48.0,30.0,"(48,30)",78.0,No-violated
14,"(6,2)",6,2,sum,6,8.0,36.0,12.0,"(36,12)",48.0,No-violated
15,"(1,2)",1,2,sum,6,3.0,6.0,12.0,"(6,12)",18.0,No-violated
16,"(2,7)",2,7,sum,6,9.0,12.0,42.0,"(12,42)",54.0,No-violated
17,"(3,4)",3,4,sum,6,7.0,18.0,24.0,"(18,24)",42.0,No-violated
18,"(6,2)",6,2,sum,6,8.0,36.0,12.0,"(36,12)",48.0,No-violated
19,"(5,6)",5,6,sum,6,11.0,30.0,36.0,"(30,36)",66.0,No-violated
20,"(3,4)",3,4,sum,6,7.0,18.0,24.0,"(18,24)",42.0,No-violated
21,"(3,8)",3,8,sum,6,11.0,18.0,48.0,"(18,48)",66.0,No-violated
22,"(0,1)",0,1,sum,6,1.0,0.0,6.0,"(0,6)",6.0,No-violated
23,"(1,7)",1,7,sum,6,8.0,6.0,42.0,"(6,42)",48.0,No-violated
24,"(5,0)",5,0,sum,6,5.0,30.0,0.0,"(30,0)",30.0,No-violated
25,"(6,0)",6,0,sum,6,6.0,36.0,0.0,"(36,0)",36.0,No-violated
26,"(7,6)",7,6,sum,6,13.0,42.0,36.0,"(42,36)",78.0,No-violated
27,"(7,0)",7,0,sum,6,7.0,42.0,0.0,"(42,0)",42.0,No-violated
28,"(4,4)",4,4,sum,6,8.0,24.0,24.0,"(24,24)",48.0,No-violated
29,"(2,5)",2,5,sum,6,7.0,12.0,30.0,"(12,30)",42.0,No-violated
30,"(4,5)",4,5,sum,6,9.0,24.0,30.0,"(24,30)",54.0,No-violated
31,"(2,7)",2,7,sum,6,9.0,12.0,42.0,"(12,42)",54.0,No-violated
32,"(6,3)",6,3,sum,6,9.0,36.0,18.0,"(36,18)",54.0,No-violated
33,"(7,9)",7,9,sum,6,16.0,42.0,54.0,"(42,54)",96.0,No-violated
34,"(6,2)",6,2,sum,6,8.0,36.0,12.0,"(36,12)",48.0,No-violated
35,"(1,2)",1,2,sum,6,3.0,6.0,12.0,"(6,12)",18.0,No-violated
36,"(6,9)",6,9,sum,6,15.0,36.0,54.0,"(36,54)",90.0,No-violated
37,"(2,4)",2,4,sum,6,6.0,12.0,24.0,"(12,24)",36.0,No-violated
38,"(7,8)",7,8,sum,6,15.0,42.0,48.0,"(42,48)",90.0,No-violated
39,"(1,6)",1,6,sum,6,7.0,6.0,36.0,"(6,36)",42.0,No-violated
40,"(1,6)",1,6,sum,6,7.0,6.0,36.0,"(6,36)",42.0,No-violated
41,"(1,9)",1,9,sum,6,10.0,6.0,54.0,"(6,54)",60.0,No-violated
42,"(0,7)",0,7,sum,6,7.0,0.0,42.0,"(0,42)",42.0,No-violated
43,"(4,7)",4,7,sum,6,11.0,24.0,42.0,"(24,42)",66.0,No-violated
44,"(3,5)",3,5,sum,6,8.0,18.0,30.0,"(18,30)",48.0,No-violated
45,"(1,7)",1,7,sum,6,8.0,6.0,42.0,"(6,42)",48.0,No-violated
46,"(5,8)",5,8,sum,6,13.0,30.0,48.0,"(30,48)",78.0,No-violated
47,"(5,1)",5,1,sum,6,6.0,30.0,6.0,"(30,6)",36.0,No-violated
48,"(8,8)",8,8,sum,6,16.0,48.0,48.0,"(48,48)",96.0,No-violated
49,"(6,6)",6,6,sum,6,12.0,36.0,36.0,"(36,36)",72.0,No-violated
50,"(5,2)",5,2,sum,6,7.0,30.0,12.0,"(30,12)",42.0,No-violated
51,"(3,5)",3,5,sum,6,8.0,18.0,30.0,"(18,30)",48.0,No-violated
52,"(9,9)",9,9,sum,6,18.0,54.0,54.0,"(54,54)",108.0,No-violated
53,"(2,4)",2,4,sum,6,6.0,12.0,24.0,"(12,24)",36.0,No-violated
54,"(9,7)",9,7,sum,6,16.0,54.0,42.0,"(54,42)",96.0,No-violated
55,"(0,2)",0,2,sum,6,2.0,0.0,12.0,"(0,12)",12.0,No-violated
56,"(0,2)",0,2,sum,6,2.0,0.0,12.0,"(0,12)",12.0,No-violated
57,"(0,1)",0,1,sum,6,1.0,0.0,6.0,"(0,6)",6.0,No-violated
58,"(6,1)",6,1,sum,6,7.0,36.0,6.0,"(36,6)",42.0,No-violated
59,"(9,3)",9,3,sum,6,12.0,54.0,18.0,"(54,18)",72.0,No-violated
60,"(4,2)",4,2,sum,6,6.0,24.0,12.0,"(24,12)",36.0,No-violated
61,"(0,3)",0,3,sum,6,3.0,0.0,18.0,"(0,18)",18.0,No-violated
62,"(6,3)",6,3,sum,6,9.0,36.0,18.0,"(36,18)",54.0,No-violated
63,"(9,7)",9,7,sum,6,16.0,54.0,42.0,"(54,42)",96.0,No-violated
64,"(3,4)",3,4,sum,6,7.0,18.0,24.0,"(18,24)",42.0,No-violated
65,"(5,7)",5,7,sum,6,12.0,30.0,42.0,"(30,42)",72.0,No-violated
66,"(9,6)",9,6,sum,6,15.0,54.0,36.0,"(54,36)",90.0,No-violated
67,"(3,4)",3,4,sum,6,7.0,18.0,24.0,"(18,24)",42.0,No-violated
68,"(7,4)",7,4,sum,6,11.0,42.0,24.0,"(42,24)",66.0,No-violated
69,"(7,9)",7,9,sum,6,16.0,42.0,54.0,"(42,54)",96.0,No-violated
70,"(5,7)",5,7,sum,6,12.0,30.0,42.0,"(30,42)",72.0,No-violated
71,"(5,8)",5,8,sum,6,13.0,30.0,48.0,"(30,48)",78.0,No-violated
72,"(0,6)",0,6,sum,6,6.0,0.0,36.0,"(0,36)",36.0,No-violated
73,"(1,0)",1,0,sum,6,1.0,6.0,0.0,"(6,0)",6.0,No-violated
74,"(2,2)",2,2,sum,6,4.0,12.0,12.0,"(12,12)",24.0,No-violated
75,"(3,7)",3,7,sum,6,10.0,18.0,42.0,"(18,42)",60.0,No-violated
76,"(1,7)",1,7,sum,6,8.0,6.0,42.0,"(6,42)",48.0,No-violated
77,"(9,9)",9,9,sum,6,18.0,54.0,54.0,"(54,54)",108.0,No-violated
78,"(2,9)",2,9,sum,6,11.0,12.0,54.0,"(12,54)",66.0,No-violated
79,"(4,8)",4,8,sum,6,12.0,24.0,48.0,"(24,48)",72.0,No-violated
80,"(5,4)",5,4,sum,6,9.0,30.0,24.0,"(30,24)",54.0,No-violated
81,"(2,6)",2,6,sum,6,8.0,12.0,36.0,"(12,36)",48.0,No-violated
82,"(1,6)",1,6,sum,6,7.0,6.0,36.0,"(6,36)",42.0,No-violated
83,"(6,2)",6,2,sum,6,8.0,36.0,12.0,"(36,12)",48.0,No-violated
84,"(4,1)",4,1,sum,6,5.0,24.0,6.0,"(24,6)",30.0,No-violated
85,"(2,7)",2,7,sum,6,9.0,12.0,42.0,"(12,42)",54.0,No-violated
86,"(6,5)",6,5,sum,6,11.0,36.0,30.0,"(36,30)",66.0,No-violated
87,"(9,4)",9,4,sum,6,13.0,54.0,24.0,"(54,24)",78.0,No-violated
88,"(8,1)",8,1,sum,6,9.0,48.0,6.0,"(48,6)",54.0,No-violated
89,"(9,4)",9,4,sum,6,13.0,54.0,24.0,"(54,24)",78.0,No-violated
90,"(4,0)",4,0,sum,6,4.0,24.0,0.0,"(24,0)",24.0,No-violated
91,"(4,3)",4,3,sum,6,7.0,24.0,18.0,"(24,18)",42.0,No-violated
92,"(5,1)",5,1,sum,6,6.0,30.0,6.0,"(30,6)",36.0,No-violated
93,"(3,5)",3,5,sum,6,8.0,18.0,30.0,"(18,30)",48.0,No-violated
94,"(2,5)",2,5,sum,6,7.0,12.0,30.0,"(12,30)",42.0,No-violated
95,"(2,7)",2,7,sum,6,9.0,12.0,42.0,"(12,42)",54.0,No-violated
96,"(2,3)",2,3,sum,6,5.0,12.0,18.0,"(12,18)",30.0,No-violated
97,"(1,3)",1,3,sum,6,4.0,6.0,18.0,"(6,18)",24.0,No-violated
98,"(0,6)",0,6,sum,6,6.0,0.0,36.0,"(0,36)",36.0,No-violated
99,"(1,8)",1,8,sum,6,9.0,6.0,48.0,"(6,48)",54.0,No-violated
